澳大利亚,NSW,Sydney
澳大利亚,VIC,Melbourne
澳大利亚,ACT,Canberra
澳大利亚,Queensland,Brisbane
澳大利亚,SA,Adelaide
澳大利亚,WA,Perth
澳大利亚,TA,Hobart
中国,北京,北京市|BJ
中国,天津,天津市
中国,上海,上海市|SH
中国,重庆市,重庆市
中国,海南省,海口
中国,海南省,儋州
中国,海南省,三亚
中国,河北省,石家庄
中国,河北省,唐山
中国,河北省,秦皇岛
中国,河北省,邯郸
中国,河北省,邢台
中国,河北省,保定
中国,河北省,张家口
中国,河北省,承德
中国,河北省,沧州
中国,河北省,廊坊
中国,河北省,衡水
中国,河南省,郑州 
中国,河南省,开封 
中国,河南省,洛阳 
中国,河南省,平顶山
中国,河南省,许昌
中国,河南省,漯河
中国,河南省,三门峡
中国,河南省,南阳
中国,河南省,商丘
中国,河南省,信阳
中国,河南省,周口 
中国,河南省,驻马店
中国,河南省,安阳
中国,河南省,鹤壁
中国,河南省,新乡
中国,河南省,焦作
中国,河南省,濮阳
中国,河南省,济源
中国,云南省,昆明 
中国,云南省,曲靖 
中国,云南省,玉溪 
中国,云南省,保山
中国,云南省,昭通
中国,云南省,丽江
中国,云南省,中甸
中国,云南省,临沧
中国,云南省,大理
中国,云南省,个旧
中国,云南省,文山
中国,云南省,楚雄
中国,云南省,思茅
中国,云南省,景洪
中国,云南省,潞西
中国,云南省,东川
中国,云南省,六库
中国,辽宁省,葫芦岛 
中国,辽宁省,锦州 
中国,辽宁省,盘锦 
中国,辽宁省,营口
中国,辽宁省,大连
中国,辽宁省,丹东
中国,辽宁省,鞍山
中国,辽宁省,辽阳
中国,辽宁省,本溪
中国,辽宁省,抚顺
中国,辽宁省,铁岭 
中国,辽宁省,阜新
中国,辽宁省,朝阳
中国,辽宁省,沈阳
中国,黑龙江省,哈尔滨 
中国,黑龙江省,大庆 
中国,黑龙江省,齐齐哈尔 
中国,黑龙江省,佳木斯
中国,黑龙江省,鸡西
中国,黑龙江省,鹤岗
中国,黑龙江省,双鸭山
中国,黑龙江省,牡丹江
中国,黑龙江省,伊春
中国,黑龙江省,七台河
中国,黑龙江省,黑河 
中国,黑龙江省,绥化
中国,黑龙江省,大兴安岭地区
中国,黑龙江省,阿城市
中国,黑龙江省,加格达奇
中国,湖南省,株洲  
中国,湖南省,湘潭 
中国,湖南省,衡阳
中国,湖南省,岳阳
中国,湖南省,郴州
中国,湖南省,永州
中国,湖南省,邵阳
中国,湖南省,怀化
中国,湖南省,常德
中国,湖南省,益阳 
中国,湖南省,张家界
中国,湖南省,娄底
中国,湖南省,吉首
中国,湖南省,长沙
中国,安徽省,合肥 
中国,安徽省,蚌埠 
中国,安徽省,芜湖 
中国,安徽省,淮南
中国,安徽省,亳州
中国,安徽省,阜阳
中国,安徽省,淮北
中国,安徽省,宿州
中国,安徽省,滁州
中国,安徽省,安庆
中国,安徽省,巢湖 
中国,安徽省,马鞍山
中国,安徽省,宣城
中国,安徽省,黄山
中国,安徽省,池州
中国,安徽省,铜陵
中国,安徽省,六安
中国,安徽省,贵池
中国,山东省,淄博 
中国,山东省,枣庄 
中国,山东省,烟台 
中国,山东省,东营
中国,山东省,潍坊
中国,山东省,威海
中国,山东省,滨州
中国,山东省,临沂
中国,山东省,济宁
中国,山东省,菏泽
中国,山东省,泰安 
中国,山东省,莱芜
中国,山东省,日照
中国,山东省,德州
中国,山东省,聊城
中国,山东省,济南
中国,山东省,青岛
中国,新疆维吾尔,乌鲁木齐
中国,新疆维吾尔,克拉玛依
中国,新疆维吾尔,吐鲁番地区
中国,新疆维吾尔,哈密地区
中国,新疆维吾尔,昌吉回族自治州
中国,新疆维吾尔,博尔塔拉蒙古自治州
中国,新疆维吾尔,巴音郭楞蒙古自治州
中国,新疆维吾尔,阿克苏地区
中国,新疆维吾尔,克孜勒苏柯尔克孜自治州
中国,新疆维吾尔,喀什地区
中国,新疆维吾尔,和田地区
中国,新疆维吾尔,伊犁哈萨克自治州
中国,新疆维吾尔,塔城地区
中国,新疆维吾尔,阿勒泰地区
中国,江苏省,太仓
中国,江苏省,南京
中国,江苏省,镇江
中国,江苏省,常州
中国,江苏省,无锡
中国,江苏省,苏州
中国,江苏省,徐州
中国,江苏省,连云港
中国,江苏省,淮安
中国,江苏省,盐城
中国,江苏省,扬州
中国,江苏省,泰州 
中国,江苏省,南通
中国,江苏省,宿迁
中国,江苏省,淮阴
中国,江苏省,昆山
中国,江苏省,张家港
中国,浙江省,杭州
中国,浙江省,嘉兴
中国,浙江省,湖州
中国,浙江省,宁波
中国,浙江省,金华
中国,浙江省,温州
中国,浙江省,丽水
中国,浙江省,绍兴
中国,浙江省,衢州
中国,浙江省,舟山
中国,浙江省,台州
中国,江西省,南昌
中国,江西省,九江
中国,江西省,赣州
中国,江西省,吉安
中国,江西省,鹰潭
中国,江西省,上饶
中国,江西省,萍乡
中国,江西省,景德镇
中国,江西省,新余
中国,江西省,宜春
中国,江西省,临川 
中国,江西省,抚州 
中国,湖北省,鄂州
中国,湖北省,随州
中国,湖北省,荆州
中国,湖北省,荆门
中国,湖北省,十堰
中国,湖北省,孝感
中国,湖北省,黄冈
中国,湖北省,襄城
中国,湖北省,黄州
中国,湖北省,荆沙
中国,湖北省,恩施
中国,湖北省,随枣
中国,湖北省,江汉
中国,湖北省,咸宁
中国,湖北省,武汉
中国,湖北省,襄樊
中国,湖北省,宜昌
中国,湖北省,黄石
中国,广西壮族,南宁 
中国,广西壮族,柳州 
中国,广西壮族,桂林
中国,广西壮族,梧州
中国,广西壮族,北海
中国,广西壮族,崇左
中国,广西壮族,来宾
中国,广西壮族,贺州
中国,广西壮族,玉林
中国,广西壮族,百色
中国,广西壮族,河池
中国,广西壮族,钦州
中国,广西壮族,防城港
中国,广西壮族,贵港
中国,甘肃省,兰州
中国,甘肃省,天水
中国,甘肃省,平凉
中国,甘肃省,酒泉
中国,甘肃省,嘉峪关
中国,甘肃省,金昌
中国,甘肃省,白银
中国,甘肃省,武威
中国,甘肃省,张掖
中国,甘肃省,庆阳
中国,甘肃省,定西
中国,甘肃省,临夏
中国,甘肃省,西峰
中国,甘肃省,甘南
中国,甘肃省,陇南
中国,山西省,太原
中国,山西省,大同
中国,山西省,忻州
中国,山西省,阳泉
中国,山西省,长治
中国,山西省,晋城
中国,山西省,朔州
中国,山西省,晋中
中国,山西省,运城
中国,山西省,临汾
中国,山西省,榆次
中国,山西省,离石
中国,山西省,吕梁
中国,内蒙古,呼和浩特
中国,内蒙古,包头
中国,内蒙古,乌海
中国,内蒙古,赤峰
中国,内蒙古,通辽
中国,内蒙古,鄂尔多斯
中国,内蒙古,呼伦贝尔
中国,内蒙古,巴彦淖尔
中国,内蒙古,海拉尔
中国,内蒙古,集宁
中国,内蒙古,东胜
中国,内蒙古,临河
中国,内蒙古,锡林浩特
中国,内蒙古,乌兰浩特
中国,内蒙古,阿拉善左旗
中国,内蒙古,乌兰察布
中国,陕西省,西安
中国,陕西省,咸阳
中国,陕西省,铜川
中国,陕西省,延安
中国,陕西省,宝鸡
中国,陕西省,渭南
中国,陕西省,汉中
中国,陕西省,安康
中国,陕西省,商洛
中国,陕西省,榆林
中国,吉林省,长春
中国,吉林省,吉林
中国,吉林省,四平
中国,吉林省,辽源
中国,吉林省,通化
中国,吉林省,白山
中国,吉林省,松原
中国,吉林省,白城
中国,吉林省,延吉
中国,吉林省,浑江
中国,吉林省,珲春
中国,福建省,福州
中国,福建省,厦门
中国,福建省,泉州
中国,福建省,三明
中国,福建省,南平
中国,福建省,漳州
中国,福建省,莆田
中国,福建省,宁德
中国,福建省,晋江
中国,福建省,龙岩
中国,贵州省,贵阳
中国,贵州省,铜仁
中国,贵州省,安顺
中国,贵州省,兴义
中国,贵州省,凯里
中国,贵州省,六盘水
中国,贵州省,都均
中国,贵州省,毕节
中国,广东省,汕头
中国,广东省,广州|GZ
中国,广东省,云浮
中国,广东省,揭西
中国,广东省,潮阳
中国,广东省,顺德
中国,广东省,汕尾
中国,广东省,江门
中国,广东省,清远
中国,广东省,中山
中国,广东省,东莞
中国,广东省,潮州
中国,广东省,肇庆
中国,广东省,深圳|SZ
中国,广东省,惠州
中国,广东省,珠海
中国,广东省,揭阳
中国,广东省,佛山
中国,广东省,阳江
中国,广东省,韶关
中国,广东省,梅州
中国,广东省,湛江
中国,广东省,河源
中国,广东省,茂名
中国,青海省,西宁
中国,青海省,德令哈
中国,青海省,玉树
中国,青海省,共和
中国,青海省,海东
中国,青海省,同仁
中国,青海省,玛沁
中国,西藏,山南
中国,西藏,拉萨
中国,西藏,日喀则
中国,四川省,西昌
中国,四川省,成都
中国,四川省,巴中
中国,四川省,马尔康
中国,四川省,康定
中国,四川省,绵阳
中国,四川省,万县
中国,四川省,达县
中国,四川省,永川
中国,四川省,重庆
中国,四川省,涪陵
中国,四川省,资阳
中国,四川省,雅安
中国,四川省,眉山
中国,四川省,德阳
中国,四川省,广元
中国,四川省,自贡
中国,四川省,攀枝花
中国,四川省,乐山
中国,四川省,南充
中国,四川省,遂宁
中国,四川省,宜宾
中国,四川省,达州
中国,四川省,泸州
中国,四川省,内江
中国,四川省,广安
中国,宁夏回族,银川
中国,宁夏回族,中卫
中国,宁夏回族,固原
中国,宁夏回族,吴忠
中国,宁夏回族,石嘴山
菲律宾,马尼拉,马尼拉
马来西亚,吉隆坡,吉隆坡
中国香港,香港,香港|HK|Hong Kong
中国澳门,澳门,澳门
中国台湾,台湾,台北市
日本,横滨,横滨
日本,东京,东京
日本,关西大阪,关西大阪
新加坡,新加坡,新加坡城市
美国,加利福尼亚州,圣何塞
Singapore,Singapore,Singapore City
